google_place_id,col_index
ChIJiYix3uCbqTMRAqkwfbD7es0,0
ChIJPwVVvlqfqTMR8k8YW0-7Luo,1
ChIJAeJQylufqTMRoYHzWBE4lzM,2
ChIJdZVg9F6ZqTMRbU7ErBLR6vU,3
ChIJQVwA2-ObqTMR--ZXFjrCXiQ,4
ChIJmRDV5l6ZqTMR_TGUzibVfww,5
ChIJH7-Frg-hqTMRcR-eubefklo,6
ChIJz_XF1U-ZqTMRLuh28VvaWq0,7
ChIJkRLIDF2ZqTMRYsvjh5V6j3M,8
ChIJdWAY9omZqTMR5PT1YBVRFhM,9
ChIJU4E_P7yeqTMRmYjKAQ_D5kY,10
ChIJXZDS_wqcqTMRtjB3-gvX4X4,11
ChIJ8ZcMGyuZqTMRh0kBRAhSv_o,12
ChIJtUqLDKibqTMRvX48jFWyLX8,13
ChIJSWEB-vehqTMRqKcQS5qhODE,14
ChIJadEVV0yZqTMRekT3PI-8Jwc,15
ChIJQYJWH1-ZqTMRL8vTiCw8NSk,16
ChIJ4dWUPl-ZqTMRRAXUfxKt42s,17
ChIJhwbYF6KhqTMRnblKTxe9bqo,18
ChIJ1x1EHOGbqTMR5_q34HlTerk,19
ChIJocIZfv6bqTMRMHD_dmj-wqg,20
ChIJAaoG--ObqTMRRGDPktel7bk,21
ChIJpbDccACbqTMRJYVjO8bttgI,22
ChIJ__-v5-GbqTMRZsiTt-BnJLw,23
ChIJT7kt7uGbqTMRE9pS3Ayv3ao,24
ChIJlWUN8-GbqTMRepueypood48,25
ChIJ44n4BUqZqTMRnTzd5jeE0gQ,26
ChIJ0_q_fuGbqTMR7Jtr5sWh-hU,27
ChIJO88KUwCfqTMRXjMon7rGBD0,28
ChIJwQ3KH9qYqTMRiX2vvF5-pcI,29
ChIJS5JJOgadqTMRUJqM5_VlPyo,30
ChIJR3ruO0WfqTMRGBL1kQa3o_k,31
ChIJkw4YkuSbqTMRj-KNt73Rp_w,32
ChIJkdhu5OObqTMRKja-3osRDPM,33
ChIJEXt_JeGbqTMRBiTzDaj6YkE,34
ChIJ5-E8c0WZqTMRl_XfV23NVlI,35
ChIJkZqKMgCbqTMRzNY50ysUixQ,36
ChIJJ6QUUPKhqTMRNu715p48jA8,37
ChIJrUuKapKVqzMRQvxRUEQqaqc,38
ChIJAQAAAJGdqzMRCm_lZQIGNNs,39
ChIJ-5U3mZehqTMRyboNdkeoXsQ,40
ChIJeX8MgLLYqzMRue1rgnb9bHY,41
ChIJG307GL6WqzMRTsYGmmkWu7k,42
ChIJzaFdmHHAqzMRzyRjfu-ZeDU,43
ChIJjwZQ6IvcqzMR0WqHoCd4ap4,44
ChIJ56x_EsGbqzMR-DcsH4m41Z8,45
ChIJL_Kb3FidqzMRBxynW5Qfs0I,46
ChIJ4bgwIiOcqzMROg1NpXKtrcA,47
ChIJe4fNPUCZqTMR5ifh0jqkDSg,48
ChIJOeNmWACVqzMRVj54zGvmqAc,49
ChIJQRl4S1iZqTMRZzvp3uOXAFg,50
ChIJfcqOsBqZqTMR-AN8c3kGw_I,51
ChIJYXnnKByZqTMRC1Wb7XGAw3E,52
ChIJZW5_y-abqTMRO1ZYVTbD6mE,53
ChIJ7QGoYuGbqTMRU-2y4Igwiyw,54
ChIJUx4yODN2qzMRkZqWp_7Nego,55
ChIJf4X5EVeZqTMRQ_EpX26alNA,56
ChIJ3xcIQNCXqTMR5QCimnAfri4,57
ChIJBcknJOGbqTMR0FI5ageqdP8,58
ChIJsU0lXrqbqTMRSzJaUJRJoiQ,59
ChIJPTWPS_6bqTMRToHjT4WgsQY,60
ChIJs6m8SvabqTMRcrwULq3v-uk,61
ChIJkQyF2eCbqTMRT8Gue94LhzI,62
ChIJC9HXAuGbqTMRgVdZM4RjjwE,63
ChIJv57vuByXqTMRVxIpurXB7Vg,64
ChIJb0AvS8ObqTMRiOdREpMasi0,65
ChIJI-Q9vUuZqTMReWgG8h-y65w,66
ChIJEalesxWZqTMRXDp52gxWuPo,67
ChIJKyHUX_SfqzMRGnhoQMklRJY,68
ChIJ95A-5AycqTMRAigIv9nsSQs,69
ChIJ4bw-lTQBqTMR_vaucHWN0NA,70
ChIJp45-1uObqTMRKiyk55UEjGY,71
ChIJP_YPFwq9qTMRhff__b7AQqY,72
ChIJM7oYEkWZqTMRTTYgCz5HUaY,73
ChIJzS-uWE6ZqTMR7yjRf5E9bt0,74
ChIJ5-55wmd9qTMR6ltkkrdlwOw,75
ChIJD4VamGibqTMRVm86CV46lfY,76
ChIJaWQelRyXqTMRVFOehBPdGPs,77
ChIJ40-A7RecqTMR3k8P-RT__BU,78
ChIJX0FewuObqTMRpcVANk2piqg,79
ChIJpcoLrk6ZqTMRcExWAjIzTbo,80
ChIJOztTQwCZqTMRSfbvMK1lusQ,81
ChIJff35ql-ZqTMR2rs9ITa-M8A,82
ChIJi90hrk6ZqTMRpSo_IcOSSrU,83
ChIJVVVVWVeZqTMRl7svJzEKQdE,84
ChIJv5CQXACXqTMRoPabt38KtYk,85
ChIJY-TUSIGZqTMR3Wq19sd6T4o,86
ChIJWXXYEWh9qTMR4F1__49kG-0,87
ChIJAQAA0EuZqTMRa-VZiB1rJ0M,88
ChIJfwUUEeGiqzMRDZchWloRdos,89
ChIJm2Mp6xiZqTMRemzTwBMXRVk,90
ChIJva7EA-KhqTMRXv0yKCs_kPg,91
ChIJRYgcrqV5qTMRatgajOsUJiE,92
ChIJZar-8URlqDMRN_CRHFT0Fco,93
ChIJnagE7CsNqTMRFZ1wkCBdgH8,94
ChIJpfi_g_WaqTMRbZPSsZ7-BsU,95
ChIJR6nEAT-ZqTMRrs6rLtOswdk,96
ChIJm1S9B92ZqTMRcvwrwgnkgN4,97
ChIJH2URLOaYqTMRAo6UJjq4ar0,98
ChIJsxkTKgCdqTMRSM0rYN4esCU,99
ChIJZz844hudqTMRrHiRx6mqHdk,100
ChIJdcjIFgucqTMR-kymV6QRuqA,101
ChIJ8z8T0ZWYqTMRE57h00Gphes,102
ChIJAQAAAE2fqTMRzRCgt8lYPJQ,103
ChIJzQIV3CGZqTMRlWk_9p1F2hQ,104
ChIJ2cwbW-ObqTMR4tzhhkB7vR4,105
ChIJyW0jcSeZqTMR0b9f4EWpuEc,106
ChIJ_y9nBv6dqTMRNSihzGB6L8k,107
ChIJwY0vHOGbqTMRONDE_Nrwbcc,108
ChIJQal5Z7KZqTMRFcu9gkc0tPA,109
ChIJfRI3rGyZqTMRBWJSbUL8GgA,110
ChIJVcpbjgidqTMRHI-48VL-9tM,111
ChIJ0TTlZQucqTMR-DTvMHgH70U,112
ChIJTTtaWgCZqTMRmExL0sIjxn8,113
ChIJIZuZLe6fqTMRbFYuHglJhi8,114
ChIJvTvYdACdqTMR0P8I6SJaXi4,115
ChIJUx46VEmiqTMRezSBgzolhYY,116
ChIJtSnELYSeqTMRQqPG-w9c_70,117
ChIJKxKUzy2ZqTMRklrAkX2L0Dw,118
ChIJF5VQajeZqTMRTTNdqhMN-SE,119
ChIJx537uT2fqTMRrXbUsCzgeTg,120
ChIJaejjSiWZqTMRePxkwZemv2M,121
ChIJfcTcgjO7qTMRCVOvGUEOUxw,122
ChIJBeMWxG6hqTMRqrRmWNRSU8A,123
ChIJNT-ySLOjqTMR0X8ElltDdHY,124
ChIJQbvakUKZqTMREmJfSE0UT84,125
ChIJq5tljwucqTMRspXTKaTyup8,126
ChIJq2IdQWaZqTMRwAM6-07QJa4,127
ChIJnymbkC6bqTMRg5714hrA8KQ,128
ChIJHzm1fOSYqTMRC7axYsoc5cY,129
ChIJw-sAySGZqTMR9MobrYMi8GY,130
ChIJoctHCzGfqTMRwbPMOYZszkI,131
ChIJ4bEIWb6ZqTMRFS8ArYDXz6Q,132
ChIJkQFWnJCYqTMR5wtlt7H7X_s,133
ChIJweRU5zqZqTMRgicIr3-9X-k,134
ChIJx4Nv9uObqTMRGFMN-u7faPY,135
ChIJC4MIgnKZqTMRWP3VNaYBOF4,136
ChIJZ_1qi7eYqTMRdAJlzBxSLtY,137
ChIJ2fq8nRidqTMRt671KgbUT8A,138
ChIJAVOSl9OZqTMRKFuj71JIJUI,139
ChIJ3Td4K1qfqTMRKhbRoWOa1Y8,140
ChIJe1YOacaZqTMRnoLk8S08RpA,141
ChIJLzAmDPGdqTMRN8TcyJ2LUeY,142
ChIJy7bCWACZqTMRwJqN2l380Xg,143
ChIJ5ayiuvWaqTMRzLQGS4yTAl0,144
ChIJDRMjMhCuqTMRDJ9Sx5baExY,145
ChIJ4RTeoEmfqTMRModG8vGejS4,146
ChIJjSmLnHGeqTMR6C15YGuC4b0,147
ChIJ63Ev1YmfqTMRrgawI1Ce37g,148
ChIJLfdeIT6eqTMR-ys6kWNOj60,149
ChIJgS9PmPehqTMRyq8XLx6sGY0,150
ChIJRzK717afqTMRHc1c43G-Nho,151
ChIJ25AWJ5SgqTMRreNeTYPuQus,152
ChIJC9NyI_KhqTMRhFllDPnu55A,153
ChIJo1rDyuCfqTMRx7VtNEF0pX4,154
ChIJk3eKawCfqTMRhZxLMHd3PM0,155
ChIJS9U3GSF1qTMRl96pI_gSsiY,156
ChIJw8WcG3ifqTMRurJ2vPg6eDY,157
ChIJu6TylIZ1qTMRGIM7rYHxmOQ,158
ChIJz96HUoFSqDMRiWAzJS1YPZE,159
ChIJA53MLnh3qTMRFBpuge3V85s,160
ChIJRcCglLx1qTMRu_fbodBr8Gs,161
ChIJJ2dbEwCjqTMRSLB0foP9Bu8,162
ChIJf7g2bf5xqTMRvwLSx3zHIOc,163
ChIJqw73CWChqTMRmVFAWOAPhJE,164
ChIJYUesWrZ3qTMR_IFpUBtMg10,165
ChIJb-hseIBNqDMRltzlJ--Pi2E,166
ChIJq60TnTZlqTMR7a6qpH4pCY4,167
ChIJz_22VoVxqTMRD94ZZPxVh9I,168
ChIJvbpuXQCjqTMRUVQdbvGrP58,169
ChIJ58BwOoR9qTMRJRhvntyceiA,170
ChIJBfGW8m7dqzMR8hx2oAxOvQw,171
ChIJAQAAAPBRqDMRWZfsKI3-7dk,172
ChIJZ_20foBNqDMR68W6gRDaKG4,173
ChIJg2E9ZfN1qzMR1N-Xe5V3dzo,174
ChIJba-Hshp3qTMR1-soRg9QXsg,175
ChIJpfHZ5QmdqzMREoJ6M-NUHDo,176
ChIJSSMybzyYqzMRu1UbRDdhMWI,177
ChIJq6qqqrqeqzMRf0gQhj3uP10,178
ChIJ6ySGXsqQqTMRRk3pyfCJX50,179
ChIJv1KZujCdqTMRjVz6L1ymzuo,180
ChIJmbvB_-m8qTMRlsBKWcnblBk,181
ChIJwe0ZcZeQqTMRcQyI7b112-M,182
ChIJS9SVyoSQqTMR_r6BdUQiRa8,183
ChIJp_Zn_ZmQqTMRlmi_WfwGL6k,184
ChIJb0afFee8qTMRbiuGztZQ7so,185
ChIJG9JQXumcqTMRWJgTND_Ta2o,186
ChIJ91Cv8om9qTMR_USQoLPS8Mo,187
ChIJH1HYf8fNqTMRdMee-MDbHzk,188
ChIJM15Hr4SQqTMRLloU8vBMML4,189
ChIJQQLMF7WHqDMR36mJ20ZmU-g,190
ChIJCc2YS2-7qTMRVPnFSJH-p7c,191
ChIJGcYFFEiXqTMR4WARa1cjO_c,192
ChIJq7kHmFZ4qTMROLtDWZlh1yM,193
ChIJFQNCUQazqTMRxLeiIknm_YI,194
ChIJs4prCHm6qTMR_Vc18KuwZRU,195
ChIJUfCdFT1nqDMRRkkRFnT_Oek,196
ChIJ0_-59xx4qTMR0e8B4VG5C1o,197
ChIJU_IxCS6XqTMRV2W5EBLoxlU,198
ChIJGznepoK8qTMRnZIQyXW5e4Y,199
ChIJAUcc3zSXqTMR6E6jrOLk728,200
ChIJkfuGOei8qTMRAbnPGN09L5k,201
ChIJQzUaun4HqTMRxhV0lNxMGnw,202
ChIJ-QlA2iyXqTMRL-gEYKw3WqU,203
ChIJvcQXCSCPqTMRgWbEMr0Mr1o,204
ChIJ-0VkX095qTMRUjEt7d9mKhc,205
ChIJj7Op3Xy7qTMRX3GDH0PMHaM,206
ChIJ_TtnHqSdqTMRtCgmSVCH37c,207
ChIJw575NhiRqTMRkr_Aq_Xg5PY,208
ChIJ_e8i95qQqTMRG0k2tgaKzFw,209
ChIJ5YXPXZqQqTMRAUTXYe0eF_M,210
ChIJy6VX_em8qTMRphzaa35CNsU,211
ChIJ9Wo5rse9qTMR1kklgJYM2dM,212
ChIJpXfpy4kNqTMRkeIWAsbO9U8,213
ChIJa2E7f3qbqTMR3fhTmgUpMos,214
ChIJN68K4BFiqTMRvCmAZH8gmgs,215
ChIJn1CSWraQqTMRfev5vyg8Jjk,216
ChIJIcZcTHmaqTMRGucL2_tRCFs,217
ChIJm6vfmXiXqTMR4kJkv5iCjuw,218
ChIJKXD6cZeQqTMRwUq1gbgLimI,219
ChIJiwISPsGXqTMRcH4hQWrOJlc,220
ChIJE2TfT82dqTMRTyw-eL4h860,221
ChIJz9Y5qGmZqTMRl2Lc5DD9XmM,222
ChIJf8v-5Bx4qTMRMWZHKUvsglg,223
ChIJfa2ejy-XqTMRwZUTlx45c_k,224
ChIJ-xuu4Hq7qTMRTQKJtzK8dhI,225
ChIJ5TdO_UaRqTMR4R_y76E3BhA,226
ChIJW8wZWIOQqTMRuRdd8AgAwlI,227
ChIJ8RtLpW-bqTMRTGQRKoauawU,228
ChIJF894QDCdqTMRfO-Q5OenVLU,229
ChIJLx_4twaXqTMRy8wbQTpuIWU,230
ChIJl1vJPAiXqTMRjzZO0OrewfA,231
ChIJldAx2Al_qTMROtLD4K5oONo,232
ChIJE5t8IzWXqTMRJqGZcFz_log,233
ChIJgdHK9fedqTMRjVz01w_oFj0,234
ChIJP14r2qViqDMRl3szqgqBl0Q,235
ChIJfWLlM9CzqTMRlJeGkHWLye8,236
ChIJyfdN_2-RqTMRqhCNpTasriQ,237
ChIJzx5BolKZqTMR3hpd77w-Fac,238
ChIJlWV0slufqTMRJeUsvOHkDBo,239
ChIJwy_X8WAKqTMRQPfNwb_X5yo,240
ChIJA-UVq9mhqTMRLYWCoQlHlKk,241
ChIJd_jrWVWZqTMRxkCd_5mYRjs,242
ChIJJbfd4lSYqTMRS3ATC-Ydt6k,243
ChIJsSgta0aZqTMROUdw_V_lEEo,244
ChIJT-YJdY6hqTMRDrz-csRelYA,245
ChIJxTKP1RucqTMRMaGDFg7xBYc,246
ChIJKc-t8wGlqTMREvifWNrj8S4,247
ChIJeZUdou-fqTMRjfzOHy-pcyA,248
ChIJv63SKwCfqTMRdWvwes3Vvmc,249
ChIJfa2ofQCfqTMR86cyS-vtVTM,250
ChIJi4EUR7egqTMRsqagmytm8LU,251
ChIJvTK96lqfqTMRf85W9lgIVOM,252
ChIJ6a1cQfSfqTMRM1P0kQe7G-k,253
ChIJT6MN1yGZqTMR3UfrE5FetKE,254
ChIJ05K0ulufqTMRD6TIgEY1-U8,255
ChIJ013nv-rBqzMRWtmyu0q6lNk,256
ChIJ3wv5kX-ZqTMRlPSwIKPdgX8,257
ChIJ71beu9GbqTMRxF6GClNllcI,258
ChIJK7Jd7xWZqTMRv1lhz-p5i2g,259
ChIJSbkRxsygqTMRnMB8aYzITAk,260
ChIJ4W49zRiVqzMRnw1Db0kd0dg,261
ChIJgYn8TwKvqTMRF6EEG8vfAmY,262
ChIJOeOaYJ-eqTMRfWFJ4na_pHc,263
ChIJIbDGqEWZqTMRoelsHQAPXYs,264
ChIJaZJt1dOeqTMRw3dscv0YQVM,265
ChIJBdMP0hucqTMRLk-E6I6Sl04,266
ChIJxZmjGUaZqTMRR5u5Tob6zGI,267
ChIJWxN4FSWZqTMR8KfwccwAEzg,268
ChIJme40sLOeqTMRwQg87MTn6AY,269
ChIJ6TRaEUWZqTMRlloIrB56UHM,270
ChIJ1UYhmyaZqTMR8mOrYOgwLUY,271
ChIJeYNtDozaqzMRQhw7yUZhvWI,272
ChIJD6bjG7CbqTMR5yEpv0dFhh8,273
ChIJTZoSWC-ZqTMRM1T0lpFognE,274
ChIJk_BrJeKbqTMRy6lIrU8g27M,275
ChIJH0OWauGbqTMR-eP5Em1te4g,276
ChIJzYaCh0aZqTMRvuQBLuSfLXU,277
ChIJv5WUaV-ZqTMRx2A_hZ7kr7k,278
ChIJg2LOh0iZqTMRObPelomTWUo,279
ChIJU6ov8uWYqTMRfBoe2d_Z98g,280
ChIJ69rb5DeZqTMRfNGBX2itk9U,281
ChIJt0v6Yk2ZqTMRJYks04He-RY,282
ChIJ_5mLA_ybqTMR63RFja0hA0E,283
ChIJhRePD0WZqTMRFDvlNTa3i64,284
ChIJXwBQNreeqTMRrjhKsUUBOiE,285
ChIJTU-bAzeZqTMRj14oIniY1AI,286
ChIJEyWnqmyZqTMRrrqU4cQyuvc,287
ChIJr5TyTFeZqTMRGey7mOrelc0,288
ChIJu7TeMLOeqTMROsAvDQ1aC4M,289
ChIJK9q601OZqTMRhDhrA8ynZ8k,290
ChIJLZkmkDWZqTMRkXbW7Bvx93E,291
ChIJ8btqfgWcqTMRt_zRHQlVONc,292
ChIJuwBG7MyZqTMR6oUMuNZ9YNo,293
ChIJT3t55DOZqTMR_yk0s2YML2A,294
ChIJ1TE752ObqTMRjb3IQ-dCLuY,295
ChIJbXkmC9eZqTMRXfP8h1eanOg,296
ChIJxy08xYKZqTMR_XIipO0NY5U,297
ChIJP29DZsOZqTMRyi5f6kTCqag,298
ChIJUR36uMqeqTMRE5tFqW3d330,299
ChIJbUrAhEaZqTMR9e-HBedkeII,300
ChIJI7_IFEqZqTMRoSqQr27S8XU,301
ChIJg7CD61CZqTMRx0_t_IRhVwU,302
ChIJz3YfNDyZqTMR8m8io1I0P6k,303
ChIJj9pgdHybqTMRAKcnZlDwAq4,304
ChIJL7OYCwCbqTMRjBb3O2UKBmE,305
ChIJRx1PrDaZqTMR5hWtt0Kd71w,306
ChIJyVOzDOGbqTMRKLXraGUHopM,307
ChIJ2yemU_qbqTMRwZtaHfMZSKs,308
ChIJp3BV_TKZqTMRb4YwZ4IC-_E,309
ChIJ67giJ6-eqTMRQw-9KuvKcy0,310
ChIJpbOLMDiZqTMRCcb34fvFZkY,311
ChIJg8iXiB-ZqTMRbdDuu583FCs,312
ChIJH39EPdaZqTMRpsLAeennnq0,313
ChIJR6QkSf-bqTMR3KyMryTm72I,314
ChIJ035cwz6ZqTMRMlnbgJGuyEc,315
ChIJQ6Q3gL5zqTMRxMbCTo2EC4Q,316
