source,name,category,average_rating,review_count,price_range,latitude,longitude,location_text,description,what_to_expect,url,image_url
Sugbo,Cebu Safari and Adventure Park,garden / nature,,,,,,"Carmen, Northern Cebu — approx. 2 hours away from Mactan Airport.","Location: Carmen, Northern Cebu — approx. 2 hours away from Mactan Airport. | What to expect: Over 100 animal species, Zipline, ATV, Safari Accommodations, Gardens","Over 100 animal species, Zipline, ATV, Safari Accommodations, Gardens",https://sugbo.ph/2018/day-tour-guide-cebu-safari/,https://sugbo.ph/wp-content/uploads/2018/11/cebusafari-1.jpg
Sugbo,Cebu Ocean Park,park / attraction,,,,,,"South Road Properties, Cebu City (across SM Seaside City Cebu) — approx. 2 hours away from Mactan Airport.","Location: South Road Properties, Cebu City (across SM Seaside City Cebu) — approx. 2 hours away from Mactan Airport. | What to expect: Over 100 marine species, Water Show, Convention Center","Over 100 marine species, Water Show, Convention Center",https://sugbo.ph/2019/cebu-ocean-park/,https://sugbo.ph/wp-content/uploads/2019/07/Cebu-Ocean-Park-Actual-Photos-1-1024x768.jpg
Sugbo,Sky Diving in Cebu,beach / island / marine,,,,,,"Bantayan Island, Northern Cebu — approx. 4-5 hours away from Mactan Airport.","Location: Bantayan Island, Northern Cebu — approx. 4-5 hours away from Mactan Airport. | What to expect: Reliable sky diving experience",Reliable sky diving experience,https://sugbo.ph/2018/skydiving-in-cebu/,https://sugbo.ph/wp-content/uploads/2018/05/skydiving-cebu-sugboph-11-1024x577.jpg
Sugbo,Anjo World Theme Park,park / attraction,,,,,,"Minglanilla, Southern Cebu — approx. 2 hours away from Mactan Airport.","Location: Minglanilla, Southern Cebu — approx. 2 hours away from Mactan Airport. | What to expect: Over 10 Rides, Biggest Ferris Wheel, Snow World","Over 10 Rides, Biggest Ferris Wheel, Snow World",https://sugbo.ph/2019/rides-at-anjo-world-theme-park/,https://sugbo.ph/wp-content/uploads/2019/08/Snow-World-Cebu-Anjo-World-1024x768.jpg
Sugbo,Waterworld Cebu (Opening in December 2019),park / attraction,,,,,,"Barangay Umapad, Mandaue City, Cebu — near the tip of Marcelo Fernan Bridge in Mandaue City side. — approx. 15-20 minutes away from Mactan Airport.","Location: Barangay Umapad, Mandaue City, Cebu — near the tip of Marcelo Fernan Bridge in Mandaue City side. — approx. 15-20 minutes away from Mactan Airport. | What to expect: 7 Amazing Water Slides, Giant Wave Pool, Carnival Place, Hotel Facility","7 Amazing Water Slides, Giant Wave Pool, Carnival Place, Hotel Facility",https://sugbo.ph/2019/waterworld-cebu/,https://sugbo.ph/wp-content/uploads/2019/11/Waterworld-Cebu-Mandaue-1.jpg
Sugbo,Sirao Flower Gardens,garden / nature,,,,,,"Sirao, (uphill) Cebu City — approx. 2 hours away from Mactan Airport.","Location: Sirao, (uphill) Cebu City — approx. 2 hours away from Mactan Airport. | What to expect: “Little Amsterdam” Garden Feels, Flower Gardens, Instagrammable Spots","“Little Amsterdam” Garden Feels, Flower Gardens, Instagrammable Spots",https://sugbo.ph/2019/new-sirao-flower-garden-cebu/,https://sugbo.ph/wp-content/uploads/2017/12/2newsiraoflowergarden-cebucity-1024x576.jpg
Sugbo,Temple of Leah,religious / historical,,,,,,"Busay, (uphill) Cebu City — approx. 2 hours away from Mactan Airport.","Location: Busay, (uphill) Cebu City — approx. 2 hours away from Mactan Airport. | What to expect: Majestic structures, Overlooking view","Majestic structures, Overlooking view",https://sugbo.ph/2017/temple-of-leah/,https://sugbo.ph/wp-content/uploads/2016/03/temple-of-leah-cebu1.jpg
Sugbo,Buwakan ni Alejandra,garden / nature,,,,,,"Balamban, (uphill) Cebu — approx. 3 hours away from Mactan Airport.","Location: Balamban, (uphill) Cebu — approx. 3 hours away from Mactan Airport. | What to expect: Massive flower garden",Massive flower garden,https://sugbo.ph/2017/buwakan-ni-alejandra/,https://sugbo.ph/wp-content/uploads/2017/09/buwakan-ni-alejandria-cebu-1024x575.jpg
Sugbo,Tops Lookout,viewpoint / mountain,,,,,,"Busay, (uphill) Cebu City — approx. 2 hours away from Mactan Airport.","Location: Busay, (uphill) Cebu City — approx. 2 hours away from Mactan Airport. | What to expect: Overlooking view, Chill-out bars","Overlooking view, Chill-out bars",https://sugbo.ph/2019/tops-lookout-cebu/,https://sugbo.ph/wp-content/uploads/2019/09/topslookout-busaycebu-3.jpg
Sugbo,Top of Cebu,food / dining,,,,,,"Busay, (uphill) Cebu City — just beside Tops Lookout, approx. 2 hours away from Mactan Airport.","Location: Busay, (uphill) Cebu City — just beside Tops Lookout, approx. 2 hours away from Mactan Airport. | What to expect: Dining with a view",Dining with a view,https://sugbo.ph/2018/top-of-cebu-restaurant/,https://sugbo.ph/wp-content/uploads/2018/11/Top-of-Cebu-Restaurant-2-1024x576.jpg
Sugbo,Don Emilio Botanical Garden,garden / nature,,,,,,"Busay, (uphill) Cebu City — just near Tops Lookout, approx. 2 hours away from Mactan Airport.","Location: Busay, (uphill) Cebu City — just near Tops Lookout, approx. 2 hours away from Mactan Airport. | What to expect: Pyramid sheds, Flower gardens, Pool","Pyramid sheds, Flower gardens, Pool",https://sugbo.ph/2019/dr-emilio-osmena-botanical-garden-resort/,https://sugbo.ph/wp-content/uploads/2019/05/Dr-Emilio-Osmeña-Botanical-Garden-Cebu-City-1-1024x632.jpg
Sugbo,La Vie in the Sky,food / dining,,,,,,"Busay, (uphill) Cebu City — just near Tops Lookout, approx. 2 hours away from Mactan Airport.","Location: Busay, (uphill) Cebu City — just near Tops Lookout, approx. 2 hours away from Mactan Airport. | What to expect: French cuisine & winery, Overlooking view","French cuisine & winery, Overlooking view",https://sugbo.ph/2018/la-vie-in-the-sky-cebu/,https://sugbo.ph/wp-content/uploads/2018/12/La-Vie-in-the-Sky-Cebu-4.jpg
Sugbo,La Vie Parisienne,food / dining,,,,,,"Lahug, Cebu City — approx. 2 hours away from Mactan Airport.","Location: Lahug, Cebu City — approx. 2 hours away from Mactan Airport. | What to expect: French cuisine & winery, Little Paris feels","French cuisine & winery, Little Paris feels",https://sugbo.ph/2018/la-vie-parisienne-cebu/,https://sugbo.ph/wp-content/uploads/2018/10/La-Vie-Parisienne-Cebu-City-1-1024x1024.jpg
Sugbo,"10,000 Roses Cafe",food / dining,,,,,,"Cordova, Northern Cebu — approx. 1 hour away from Mactan Airport.","Location: Cordova, Northern Cebu — approx. 1 hour away from Mactan Airport. | What to expect: Literally 10,000 (unreal) roses, Cafe / restobar","Literally 10,000 (unreal) roses, Cafe / restobar",https://sugbo.ph/2017/10000-roses-cafe-cebu/,https://sugbo.ph/wp-content/uploads/2017/02/10000rosescafe-cebu2.jpg
Sugbo,Whale Shark Watching Oslob,beach / island / marine,,,,,,"Oslob, Southern Cebu — approx. 4 hours away from Mactan Airport.","Location: Oslob, Southern Cebu — approx. 4 hours away from Mactan Airport. | What to expect: Swimming with and/or watching the whale sharks",Swimming with and/or watching the whale sharks,https://sugbo.ph/2019/whale-shark-oslob-cebu-guide/,https://sugbo.ph/wp-content/uploads/2018/08/whale-shark-butanding-oslob-cebu-1.jpg
Sugbo,Sumilon Sandbar in Oslob,beach / island / marine,,,,,,"Oslob, Southern Cebu — approx. 4 hours away from Mactan Airport.","Location: Oslob, Southern Cebu — approx. 4 hours away from Mactan Airport. | What to expect: White sandbar, usually with day access to Bluewater Sumilon Resort","White sandbar, usually with day access to Bluewater Sumilon Resort",https://sugbo.ph/2019/whale-shark-oslob-cebu-guide/,https://sugbo.ph/wp-content/uploads/2017/05/sumilonisland-1024x1280.jpg
Sugbo,Pink Aserets in Oslob,garden / nature,,,,,,"Oslob, Southern Cebu — approx. 4 hours away from Mactan Airport.","Location: Oslob, Southern Cebu — approx. 4 hours away from Mactan Airport. | What to expect: Pink flowers (open field)",Pink flowers (open field),https://sugbo.ph/2019/oslob-pink-aseret-flowers/,https://sugbo.ph/wp-content/uploads/2019/08/Pink-Aseret-Flowers-Oslob-Cebu-2-1024x1024.jpg
Sugbo,Canyoneering / Kawasan Falls,waterfall / adventure,,,,,,"Badian, Southern Cebu — approx. 4 hours away from Mactan Airport.","Location: Badian, Southern Cebu — approx. 4 hours away from Mactan Airport. | What to expect: Kawasan Falls, Canyoneering Activity","Kawasan Falls, Canyoneering Activity",https://sugbo.ph/2018/canyoneering-in-kawasan-falls/,https://sugbo.ph/wp-content/uploads/2018/01/canyoneering-kawasan-cebu-1024x651.jpg
Sugbo,Sardine Run in Moalboal,beach / island / marine,,,,,,"Moalboal, Southern Cebu — approx. 4 hours away from Mactan Airport.","Location: Moalboal, Southern Cebu — approx. 4 hours away from Mactan Airport. | What to expect: Swimming with thousands of sardine fishes",Swimming with thousands of sardine fishes,https://sugbo.ph/2018/moalboal-getaway/,https://sugbo.ph/wp-content/uploads/2019/09/sardine-run-@taeyupkim_yupee-1024x1280.jpg
Sugbo,Pescador Island,beach / island / marine,,,,,,"Moalboal, Southern Cebu — approx. 4 hours away from Mactan Airport.","Location: Moalboal, Southern Cebu — approx. 4 hours away from Mactan Airport. | What to expect: Cliff jumping, Turtle Point","Cliff jumping, Turtle Point",https://sugbo.ph/2018/moalboal-getaway/,https://sugbo.ph/wp-content/uploads/2018/04/moalboal-pescador-island-1024x575.jpg
Sugbo,Strawberry Farm Dalaguete,garden / nature,,,,,,"Dalaguete, Southern Cebu — approx. 4 hours away from Mactan Airport.","Location: Dalaguete, Southern Cebu — approx. 4 hours away from Mactan Airport. | What to expect: Strawberry picking, Strawberry food trip","Strawberry picking, Strawberry food trip",https://sugbo.ph/2018/dalaguete-cebu-tourist-spots/,https://sugbo.ph/wp-content/uploads/2018/04/4-strawberry-farm.jpg
Sugbo,Sunflower Farm Dalaguete,garden / nature,,,,,,"Dalaguete, Southern Cebu — approx. 4 hours away from Mactan Airport.","Location: Dalaguete, Southern Cebu — approx. 4 hours away from Mactan Airport. | What to expect: Sunflower garden (seasonal)",Sunflower garden (seasonal),https://sugbo.ph/2018/dalaguete-cebu-tourist-spots/,https://sugbo.ph/wp-content/uploads/2018/03/Sunflower-Farm-Dalaguete-6-1.jpg
Sugbo,Osmena Peak Dalaguete,viewpoint / mountain,,,,,,"Dalaguete, Southern Cebu — approx. 4 hours away from Mactan Airport.","Location: Dalaguete, Southern Cebu — approx. 4 hours away from Mactan Airport. | What to expect: 30min to 1 hour of Trekking, Overlooking view","30min to 1 hour of Trekking, Overlooking view",https://sugbo.ph/2018/dalaguete-cebu-tourist-spots/,https://sugbo.ph/wp-content/uploads/2018/04/1-osmena-peak-2-1024x768.jpg
Sugbo,Man-Made Forest in Minglanilla,attraction,,,,,,"Minglanilla, Southern Cebu — approx. 2 hours away from Mactan Airport.","Location: Minglanilla, Southern Cebu — approx. 2 hours away from Mactan Airport. | What to expect: Man-made forest",Man-made forest,https://sugbo.ph/2018/man-made-forest-cebu/,https://sugbo.ph/wp-content/uploads/2018/06/1manmadeforest-cebu-1024x576.jpg
Sugbo,Simala Shrine,religious / historical,,,,,,"Sibonga, Southern Cebu — approx. 4 hours away from Mactan Airport.","Location: Sibonga, Southern Cebu — approx. 4 hours away from Mactan Airport. | What to expect: Biggest church in Cebu, Home of the miraculous image of Mama Mary","Biggest church in Cebu, Home of the miraculous image of Mama Mary",https://sugbo.ph/2019/simala-shrine-church-cebu/,https://sugbo.ph/wp-content/uploads/2019/06/Simala-Shrine-Castle-Church-Cebu-2-1024x768.jpg
Sugbo,Basilica del Santo Niño / Magellan’s Cross,religious / historical,,,,,,Cebu City — approx. 1.5 hours away from Mactan Airport.,"Location: Cebu City — approx. 1.5 hours away from Mactan Airport. | What to expect: One of the oldest churches in Cebu, iconic / historical landmark","One of the oldest churches in Cebu, iconic / historical landmark",https://sugbo.ph/2018/cebu-city-one-day-tour/,https://sugbo.ph/wp-content/uploads/2019/09/stonino-1.jpg
Sugbo,Taoist Temple,religious / historical,,,,,,Cebu City — approx. 1.5 hours away from Mactan Airport.,"Location: Cebu City — approx. 1.5 hours away from Mactan Airport. | What to expect: Authentic, castle-like Chinese temple","Authentic, castle-like Chinese temple",https://sugbo.ph/2018/cebu-city-one-day-tour/,https://sugbo.ph/wp-content/uploads/2014/09/cebu-taoist-temple.jpg
Sugbo,Casa Gorordo Museum,museum / historical,,,,,,"Parian, Cebu City — approx. 1.5 hours away from Mactan Airport.","Location: Parian, Cebu City — approx. 1.5 hours away from Mactan Airport. | What to expect: House museum",House museum,https://sugbo.ph/2018/cebu-city-one-day-tour/,https://sugbo.ph/wp-content/uploads/2019/09/Casa-Gorordo-Museum-Cebu-City-1024x700.jpg
Sugbo,YAP-SAN DIEGO ANCESTRAL HOUSE,museum / historical,,,,,,"Parian, Cebu City — approx. 1.5 hours away from Mactan Airport.","Location: Parian, Cebu City — approx. 1.5 hours away from Mactan Airport. | What to expect: One of the oldest homes in Cebu City",One of the oldest homes in Cebu City,https://sugbo.ph/2018/cebu-city-one-day-tour/,https://sugbo.ph/wp-content/uploads/2018/11/yap-sandiego-ancestral-house-cebu-1.jpg
Sugbo,1730 JESUIT HOUSE (MUSEO DE PARIAN),attraction,,,,,,"Parian, Cebu City — approx. 1.5 hours away from Mactan Airport.","Location: Parian, Cebu City — approx. 1.5 hours away from Mactan Airport. | What to expect: 18th century house remarkably preserved behind big walls in the heart of Parian district",18th century house remarkably preserved behind big walls in the heart of Parian district,https://sugbo.ph/2018/cebu-city-one-day-tour/,https://sugbo.ph/wp-content/uploads/2019/04/1730-Jesuit-House-Museo-de-Parian-Cebu-1.jpg
Sugbo,Cebu Heritage Monument,museum / historical,,,,,,"Parian, Cebu City — approx. 1.5 hours away from Mactan Airport.","Location: Parian, Cebu City — approx. 1.5 hours away from Mactan Airport. | What to expect: Huge sculptures made of concrete, bronze, brass and steel showing scenes about events and structures related to the history of Cebu","Huge sculptures made of concrete, bronze, brass and steel showing scenes about events and structures related to the history of Cebu",https://sugbo.ph/2018/cebu-city-one-day-tour/,https://sugbo.ph/wp-content/uploads/2019/09/Cebu-Heritage-Monument.jpg
Sugbo,Fort San Pedro,museum / historical,,,,,,"Plaza Independencia, Cebu City — approx. 1.5 hours away from Mactan Airport.","Location: Plaza Independencia, Cebu City — approx. 1.5 hours away from Mactan Airport. | What to expect: Oldest fort in the Philippines (military defense structure)",Oldest fort in the Philippines (military defense structure),https://sugbo.ph/2018/cebu-city-one-day-tour/,https://sugbo.ph/wp-content/uploads/2018/06/fort-san-pedro_6-679x455.jpg
Sugbo,Pungko Pungko sa Fuente,food / dining,,,,,,"52 A J Llorente Street, Cebu City — approx. 1.5 hours away from Mactan Airport.","Location: 52 A J Llorente Street, Cebu City — approx. 1.5 hours away from Mactan Airport. | What to expect: Cebu street food like ginabot (pork cracklings), lumpia, crab meat, etc.","Cebu street food like ginabot (pork cracklings), lumpia, crab meat, etc.",https://sugbo.ph/2018/pungko-pungko-sa-fuente/,https://sugbo.ph/wp-content/uploads/2018/09/Pungko-Pungko-sa-Fuente-Cebu-2-1024x768.jpg
Sugbo,Neri’s Ville Selfie Corner,viewpoint / mountain,,,,,,"Sitio Bombil, Barangay Lusaran, (uphill) Cebu City — approx. 2.5 hours away from Mactan Airport.","Location: Sitio Bombil, Barangay Lusaran, (uphill) Cebu City — approx. 2.5 hours away from Mactan Airport. | What to expect: Overlooking view, Instagrammable spots including Hobbit House & Bali’s Nest","Overlooking view, Instagrammable spots including Hobbit House & Bali’s Nest",https://sugbo.ph/2018/nerisville-selfie-corner-cebu/,https://sugbo.ph/wp-content/uploads/2018/09/Neris-Ville-Selfie-Corner-Cebu-1-1024x1365.jpg
Sugbo,Adlawon Vacation Farm,garden / nature,,,,,,"Sitio Proper, Adlaon, (uphill) Cebu City — approx. 2.5 hours away from Mactan Airport.","Location: Sitio Proper, Adlaon, (uphill) Cebu City — approx. 2.5 hours away from Mactan Airport. | What to expect: Fresh nature vibes, Garden, Filipino accommodation","Fresh nature vibes, Garden, Filipino accommodation",https://sugbo.ph/2019/adlawon-vacation-farm/,https://sugbo.ph/wp-content/uploads/2019/03/adlawon-vacation-farm-cebu-2-1024x768.jpg
Sugbo,Descansohan ni Onyol,viewpoint / mountain,,,,,,"Brgy. Guba, (uphill) Cebu City — near Neri’s Ville, approx. 2.5 hours away from Mactan Airport.","Location: Brgy. Guba, (uphill) Cebu City — near Neri’s Ville, approx. 2.5 hours away from Mactan Airport. | What to expect: Overlooking view, Instagrammable spots","Overlooking view, Instagrammable spots",https://sugbo.ph/2019/descansohan-ni-onyol-cebu-city/,https://sugbo.ph/wp-content/uploads/2019/07/Descansohan-Ni-Onyol-Cebu-City-1-1024x955.jpg
Sugbo,Soul Sierra,viewpoint / mountain,,,,,,"Brgy. Babag, Busay, (uphill) Cebu City — near Temple of Leah, approx. 2 hours away from Mactan Airport.","Location: Brgy. Babag, Busay, (uphill) Cebu City — near Temple of Leah, approx. 2 hours away from Mactan Airport. | What to expect: Fresh nature vibes, Overlooking View, Pool,","Fresh nature vibes, Overlooking View, Pool,",https://sugbo.ph/2019/100-places-to-visit-in-cebu/,https://sugbo.ph/wp-content/uploads/2019/09/Soul-Sierra-Cebu-1.jpg
Sugbo,Terrazas de Flores,viewpoint / mountain,,,,,,"Brgy. Malubog, (uphill) Cebu City — approx. 2 hours away from Mactan Airport.","Location: Brgy. Malubog, (uphill) Cebu City — approx. 2 hours away from Mactan Airport. | What to expect: Overlooking view, Instagrammable spots","Overlooking view, Instagrammable spots",https://sugbo.ph/2017/terrazas-de-flores/,https://sugbo.ph/wp-content/uploads/2017/02/terrazas4.jpg
Sugbo,Bantayan Island,beach / island / marine,,,,,,"Bantayan Island, Northern Cebu — approx. 4-5 hours away from Mactan Airport.","Location: Bantayan Island, Northern Cebu — approx. 4-5 hours away from Mactan Airport. | What to expect: World-class white sand beach, Night Life","World-class white sand beach, Night Life",https://sugbo.ph/2019/budget-sta-fe-bantayan-island/,https://sugbo.ph/wp-content/uploads/2019/03/bantayan-cebu-guide-1024x576.jpg
Sugbo,Virgin Island,beach / island / marine,,,,,,"Virgin Island, Bantayan, Northern Cebu — approx. 4-5 hours away from Mactan Airport.","Location: Virgin Island, Bantayan, Northern Cebu — approx. 4-5 hours away from Mactan Airport. | What to expect: Preserved beach island near Bantayan",Preserved beach island near Bantayan,https://sugbo.ph/2018/virgin-island-bantayan-cebu/,https://sugbo.ph/wp-content/uploads/2018/09/Virgin-Island-Bantayan-Cebu-1-1024x567.jpg
Sugbo,Camotes Island,beach / island / marine,,,,,,"Camotes Island, Northern Cebu — approx. 4 hours away from Mactan Airport.","Location: Camotes Island, Northern Cebu — approx. 4 hours away from Mactan Airport. | What to expect: Affordable caves, White beach, Cliff jumping","Affordable caves, White beach, Cliff jumping",https://sugbo.ph/2018/great-finds-in-camotes-islands/,https://sugbo.ph/wp-content/uploads/2018/05/bukilat-cave-camotes-cebu.jpg
Sugbo,Malapascua Island,beach / island / marine,,,,,,"Malapascua Island, Northern Cebu — approx. 4-5 hours away from Mactan Airport.","Location: Malapascua Island, Northern Cebu — approx. 4-5 hours away from Mactan Airport. | What to expect: Diving, Beach, Night Life","Diving, Beach, Night Life",https://sugbo.ph/2019/malapascua-island-cebu/,https://sugbo.ph/wp-content/uploads/2019/06/Ocean-Vida-Beach-Dive-Resort-Malapascua-1024x768.jpg
Sugbo,Olango Island,beach / island / marine,,,,,,"Olango Island, Northern Cebu — approx. 1 hour away from Mactan Airport.","Location: Olango Island, Northern Cebu — approx. 1 hour away from Mactan Airport. | What to expect: Beaches, Wild Life Sanctuary, Boardwalk","Beaches, Wild Life Sanctuary, Boardwalk",https://sugbo.ph/tag/olango-island/,https://sugbo.ph/wp-content/uploads/2018/03/1sanvicenteolangoisland-1024x576.jpg
Sugbo,Carnaza Island,beach / island / marine,,,,,,"Carnaza Island, Daanbantayan, Northern Cebu — approx. 5-6 hours away from Mactan Airport.","Location: Carnaza Island, Daanbantayan, Northern Cebu — approx. 5-6 hours away from Mactan Airport. | What to expect: Pyramid sheds, Beach, Skull Island","Pyramid sheds, Beach, Skull Island",https://sugbo.ph/2019/1000peso-challenge-carnaza-island/,https://sugbo.ph/wp-content/uploads/2018/02/1pesochallengecarnazaisland-1024x576.jpg
Sugbo,Kinatarcan Island,beach / island / marine,,,,,,"Kinatarcan Island, Daanbantayan, Northern Cebu — approx. 5 hours away from Mactan Airport.","Location: Kinatarcan Island, Daanbantayan, Northern Cebu — approx. 5 hours away from Mactan Airport. | What to expect: Beach, Lagoon, Cove","Beach, Lagoon, Cove",https://sugbo.ph/2018/guintacan-kinatarcan-island/,https://sugbo.ph/wp-content/uploads/2018/05/Kinatarcan-Island-1.png
Sugbo,Nalusuan Island,beach / island / marine,,,,,,"Nalusuan Island, Mactan, Northern Cebu — approx. 1.5 hours away from Mactan Airport.","Location: Nalusuan Island, Mactan, Northern Cebu — approx. 1.5 hours away from Mactan Airport. | What to expect: Snorkeling, Beach, Serene Getaway","Snorkeling, Beach, Serene Getaway",https://sugbo.ph/2017/nalusuan-island-cebu/,https://sugbo.ph/wp-content/uploads/2017/08/1nalusuan-island-aerial-view.jpg
Sugbo,Funtastic Island in Medellin,beach / island / marine,,,,,,"Gibitngil Island, Medellin, Northern Cebu — approx. 2-3 hours away from Mactan Airport.","Location: Gibitngil Island, Medellin, Northern Cebu — approx. 2-3 hours away from Mactan Airport. | What to expect: Cliff jumping, Kayak, Zipline","Cliff jumping, Kayak, Zipline",https://sugbo.ph/2018/funtastic-island-gibitngil-medellin/,https://sugbo.ph/wp-content/uploads/2018/07/funtastic-island-medellin.jpg
Sugbo,Capitancillo Islet,beach / island / marine,,,,,,"Capitancillo Islet, Bogo City, Northern Cebu — approx. 3-4 hours away from Mactan Airport.","Location: Capitancillo Islet, Bogo City, Northern Cebu — approx. 3-4 hours away from Mactan Airport. | What to expect: Beach, Lighthouse, Island hopping","Beach, Lighthouse, Island hopping",https://sugbo.ph/2019/capitancillo-island-bogo/,https://sugbo.ph/wp-content/uploads/2017/06/capitancillo-island-cebu-aerial-1024x534.jpg
Sugbo,The Labyrinth Maze Toledo,garden / nature,,,,,,"Poblacion, Toledo City, Cebu — approx. 3-4 hours away from Mactan Airport.","Location: Poblacion, Toledo City, Cebu — approx. 3-4 hours away from Mactan Airport. | What to expect: Maze-like Garden",Maze-like Garden,https://sugbo.ph/2018/labyrinth-in-toledo-city/,https://sugbo.ph/wp-content/uploads/2018/11/labyrinth-mazegarden-toledocebu.jpg
Sugbo,Lake Pingganon Toledo,attraction,,,,,,"Toledo City, Cebu — approx. 3-4 hours away from Mactan Airport.","Location: Toledo City, Cebu — approx. 3-4 hours away from Mactan Airport. | What to expect: Lake, Camping, Trekking","Lake, Camping, Trekking",https://sugbo.ph/2019/lake-bensis-toledo/,https://sugbo.ph/wp-content/uploads/2019/09/Lake-Bensis-Pingganon-Toledo-Cebu-1-1024x768.jpg
Sugbo,Kawa Bath at Fantasy Lodge,beach / island / marine,,,,,,"Barangay Dalahican, Samboan, Southern Cebu — approx. 3-4 hours away from Mactan Airport.","Location: Barangay Dalahican, Samboan, Southern Cebu — approx. 3-4 hours away from Mactan Airport. | What to expect: Kawa Bath, Beach, Pool","Kawa Bath, Beach, Pool",https://sugbo.ph/2018/fantasy-lodge-samboan-cebu/,https://sugbo.ph/wp-content/uploads/2018/02/fantasy-lodge-cebu2.jpg
Sugbo,Danasan Eco Adventure Park,park / attraction,,,,,,"Brgy. Danasan, 6004, Danao City — approx. 2 hours away from Mactan Airport.","Location: Brgy. Danasan, 6004, Danao City — approx. 2 hours away from Mactan Airport. | What to expect: Over 10 Adventure Rides, Kayak, Kawa Bath, Pool, Accommodation","Over 10 Adventure Rides, Kayak, Kawa Bath, Pool, Accommodation",https://sugbo.ph/2019/danasan-eco-adventure-park-cebu/,https://sugbo.ph/wp-content/uploads/2017/11/danasanecoadventurepark-12.jpg
Sugbo,SM Seaside City Cebu,park / attraction,,,,,,"South Road Properties, Cebu City (near Cebu Ocean Park) — approx. 2 hours away from Mactan Airport.","Location: South Road Properties, Cebu City (near Cebu Ocean Park) — approx. 2 hours away from Mactan Airport. | What to expect: Shopping mall, Indoor Theme Parks, Concept stores","Shopping mall, Indoor Theme Parks, Concept stores",https://sugbo.ph/?s=sm+seaside,https://sugbo.ph/wp-content/uploads/2019/04/smseaside-1024x623.jpg
Sugbo,IL Corso Lifestyle Mall and the Dancing Fountains,food / dining,,,,,,"South Road Properties, Cebu City — approx. 2 hours away from Mactan Airport.","Location: South Road Properties, Cebu City — approx. 2 hours away from Mactan Airport. | What to expect: Dancing fountains, Restaurants, Cinemas, Shopping mall (soon-to-open)","Dancing fountains, Restaurants, Cinemas, Shopping mall (soon-to-open)",https://sugbo.ph/?s=il+corso,https://sugbo.ph/wp-content/uploads/2018/10/ilcorso-lifestylemall-cebu2-1024x498.jpg
Sugbo,Bojo River Aloguinsan,museum / historical,,,,,,"Aloguinsan, Southern Cebu — approx. 4-5 hours away from Mactan Airport.","Location: Aloguinsan, Southern Cebu — approx. 4-5 hours away from Mactan Airport. | What to expect: River cruising, hanging rice experience, local heritage tour","River cruising, hanging rice experience, local heritage tour",https://sugbo.ph/2019/bojo-river-tour-aloguinsan/,https://sugbo.ph/wp-content/uploads/2018/05/Bojo-River-Aloguinsan-Cebu-6-1024x768.jpg
Sugbo,Tumalog Falls in Oslob,waterfall / adventure,,,,,,"Oslob, Southern Cebu — approx. 2 hours away from Mactan Airport.","Location: Oslob, Southern Cebu — approx. 2 hours away from Mactan Airport. | What to expect: Waterfalls, Fish spa, Nearby attractions in Oslob","Waterfalls, Fish spa, Nearby attractions in Oslob",https://sugbo.ph/2019/whale-shark-oslob-cebu-guide/,https://sugbo.ph/wp-content/uploads/2018/10/tumalog-falls-oslob-cebu.jpg
Sugbo,Dao Falls in Samboan,waterfall / adventure,,,,,,"Samboan, Southern Cebu — approx. 2 hours away from Mactan Airport.","Location: Samboan, Southern Cebu — approx. 2 hours away from Mactan Airport. | What to expect: Waterfalls, 15-20 min trek","Waterfalls, 15-20 min trek",https://sugbo.ph/2019/waterfalls-in-cebu/,https://sugbo.ph/wp-content/uploads/2017/09/dao-falls-1024x768.jpg
Sugbo,Cancalanog Falls in Alegria,waterfall / adventure,,,,,,"Alegria, Southern Cebu — approx. 2 hours away from Mactan Airport.","Location: Alegria, Southern Cebu — approx. 2 hours away from Mactan Airport. | What to expect: Waterfalls, 45 min trek","Waterfalls, 45 min trek",https://sugbo.ph/2019/waterfalls-in-cebu/,https://sugbo.ph/wp-content/uploads/2017/09/Cancalanog-Falls-Alegria-Cebu-2-1024x1024.jpg
Sugbo,Isla Romantica in Cordova,beach / island / marine,,,,,,"Cordova, Northern Cebu — approx. 1 hour away from Mactan Airport.","Location: Cordova, Northern Cebu — approx. 1 hour away from Mactan Airport. | What to expect: Man-made island",Man-made island,https://sugbo.ph/2018/isla-romantica-cordova/,https://sugbo.ph/wp-content/uploads/2018/03/Isla-Romantica-Cordova-8-1024x627.jpg
Sugbo,Q-Park in Compostela,museum / historical,,,,,,"Compostela, Northern Cebu — approx. 1-2 hours away from Mactan Airport.","Location: Compostela, Northern Cebu — approx. 1-2 hours away from Mactan Airport. | What to expect: 41-ft monument of the Virgin Mary and large, life-sized statues of the Stations of the Cross","41-ft monument of the Virgin Mary and large, life-sized statues of the Stations of the Cross",https://sugbo.ph/2019/q-park-compostela/,https://sugbo.ph/wp-content/uploads/2019/04/Q-Park-Compostela-Cebu.jpg
Sugbo,"Mt. Manunggal Eco Adventure Park, the Little Baguio of Cebu",park / attraction,,,,,,"Balamban, (uphill) Northernwestern Cebu — approx. 3-4 hours away from Mactan Airport.","Location: Balamban, (uphill) Northernwestern Cebu — approx. 3-4 hours away from Mactan Airport. | What to expect: Horseback riding, Sky Biking, Zip Lining, Camping, Hiking","Horseback riding, Sky Biking, Zip Lining, Camping, Hiking",https://sugbo.ph/2018/baguiodecebu-ecomountain-adventures/,https://sugbo.ph/wp-content/uploads/2018/03/Baguio-de-Cebu-Eco-Mountain-Adventures-9-1024x683.jpg
Sugbo,West 35 Eco Mountain Resort,viewpoint / mountain,,,,,,"Balamban, (uphill) Northernwestern Cebu — approx. 3-4 hours away from Mactan Airport.","Location: Balamban, (uphill) Northernwestern Cebu — approx. 3-4 hours away from Mactan Airport. | What to expect: 360-degree overlooking view, Kiddie Playground, Trekking, Accommodation","360-degree overlooking view, Kiddie Playground, Trekking, Accommodation",https://sugbo.ph/2019/west-35-eco-mountain-resort/,https://sugbo.ph/wp-content/uploads/2018/02/west35_5.jpg
Sugbo,Adventure Cafe,food / dining,,,,,,"Balamban, (uphill) Northernwestern Cebu — approx. 3-4 hours away from Mactan Airport.","Location: Balamban, (uphill) Northernwestern Cebu — approx. 3-4 hours away from Mactan Airport. | What to expect: Coffee shop, Zipline, Wall Climbing, Stress Wall","Coffee shop, Zipline, Wall Climbing, Stress Wall",https://sugbo.ph/2019/adventure-cafe-cebu/,https://sugbo.ph/wp-content/uploads/2019/03/adventurecafe-cebu-1024x576.jpg
Sugbo,JVR Island in the Sky,beach / island / marine,,,,,,"Balamban, (uphill) Northernwestern Cebu — approx. 3-4 hours away from Mactan Airport.","Location: Balamban, (uphill) Northernwestern Cebu — approx. 3-4 hours away from Mactan Airport. | What to expect: Colorful hanging bridge, Cable Car, Pool","Colorful hanging bridge, Cable Car, Pool",https://sugbo.ph/2019/jvr-island-in-the-sky-cebu/,https://sugbo.ph/wp-content/uploads/2017/11/jvrislandintheskycebu-hanging-bridge.jpg
Sugbo,"Florentino’s Eco Park, the Little Tagaytay of Cebu",park / attraction,,,,,,"Balamban, (uphill) Northernwestern Cebu — approx. 3-4 hours away from Mactan Airport.","Location: Balamban, (uphill) Northernwestern Cebu — approx. 3-4 hours away from Mactan Airport. | What to expect: Overlooking view, Food & Drinks","Overlooking view, Food & Drinks",https://sugbo.ph/2019/florentinos-balamban-cebu/,https://sugbo.ph/wp-content/uploads/2019/06/Florentinos-Tagaytay-Cebu-3-1024x683.jpg
Sugbo,D’ Antique Village House,food / dining,,,,,,"Balamban, (uphill) Northernwestern Cebu — approx. 3-4 hours away from Mactan Airport.","Location: Balamban, (uphill) Northernwestern Cebu — approx. 3-4 hours away from Mactan Airport. | What to expect: Antique house, food & drinks","Antique house, food & drinks",https://sugbo.ph/2017/d-village-antique-house-balamban/,https://sugbo.ph/wp-content/uploads/2017/10/dantiquehouse-balamban-11.jpg
Sugbo,MSDEA Ornamental Garden,garden / nature,,,,,,"Pung-ol, Brgy. Sibugay, (uphill) Cebu City — approx. 3 hours away from Mactan Airport.","Location: Pung-ol, Brgy. Sibugay, (uphill) Cebu City — approx. 3 hours away from Mactan Airport. | What to expect: Flower garden, Instagrammable spots","Flower garden, Instagrammable spots",https://sugbo.ph/2018/msdea-ornamental-garden-cebu-city/,https://sugbo.ph/wp-content/uploads/2018/11/MSDEA-Ornamental-Garden-Cebu-City-7.jpg
Sugbo,Maravilla White Beach,beach / island / marine,,,,,,"Maravilla, Tabuelan, Northern Cebu — approx. 3-4 hours away from Mactan Airport.","Location: Maravilla, Tabuelan, Northern Cebu — approx. 3-4 hours away from Mactan Airport. | What to expect: White sand beach",White sand beach,https://sugbo.ph/2018/maravilla-beach-resort-tabuelan/,https://sugbo.ph/wp-content/uploads/2018/03/maravilla-beach-tabuelan-cebu-1024x575.jpg
Sugbo,Bacalla Woods Campsite,attraction,,,,,,"San Fernando, Southern Cebu — approx. 3 hours away from Mactan Airport.","Location: San Fernando, Southern Cebu — approx. 3 hours away from Mactan Airport. | What to expect: No-signal retreat, Bali-feels, Camping","No-signal retreat, Bali-feels, Camping",https://sugbo.ph/2018/bacalla-woods-campsite-cebu/,https://sugbo.ph/wp-content/uploads/2018/01/bacalla-woords-campsite-infinityswing2-1024x683.jpg
Sugbo,Siomai sa Tisa,food / dining,,,,,,"Brgy. Tisa, Cebu City — approx. 2.5 hours away from Mactan Airport.","Location: Brgy. Tisa, Cebu City — approx. 2.5 hours away from Mactan Airport. | What to expect: Siomai and street food trip in Tisa",Siomai and street food trip in Tisa,https://sugbo.ph/2018/unlimited-siomai-cebu/,https://sugbo.ph/wp-content/uploads/2018/03/Unli-Siomai-sa-Tisa-Cebu-2.jpg
Sugbo,Halo-Halo sa Tisa,food / dining,,,,,,"Brgy. Tisa, Cebu City — approx. 2.5 hours away from Mactan Airport.","Location: Brgy. Tisa, Cebu City — approx. 2.5 hours away from Mactan Airport. | What to expect: Halo-Halo, Siomai and street food trip in Tisa","Halo-Halo, Siomai and street food trip in Tisa",https://sugbo.ph/2018/halo-halo-sa-tisa/,https://sugbo.ph/wp-content/uploads/2018/07/ams-halo-halo-tisa-cebu2-1024x576.jpg
Sugbo,SRP Food Strip,food / dining,,,,,,"South Road Properties, Cebu City (across Malacanang sa Sugbo) — approx. 1 hour away from Mactan Airport.","Location: South Road Properties, Cebu City (across Malacanang sa Sugbo) — approx. 1 hour away from Mactan Airport. | What to expect: Restaurants, Restobars, Eat-all-you-can’s","Restaurants, Restobars, Eat-all-you-can’s",https://sugbo.ph/2019/eat-all-you-cans-in-srp/,https://sugbo.ph/wp-content/uploads/2018/02/srp2.jpg
Sugbo,Tingko Beach in Alcoy,beach / island / marine,,,,,,"Tingko, Alcoy, Southern Cebu — approx. 4-5 hours away from Mactan Airport.","Location: Tingko, Alcoy, Southern Cebu — approx. 4-5 hours away from Mactan Airport. | What to expect: White sand beach, Beach resorts","White sand beach, Beach resorts",https://sugbo.ph/2018/beautiful-public-beaches-in-cebu/,https://sugbo.ph/wp-content/uploads/2015/04/tingko-beach-alcoy.jpg
Sugbo,Lambug Beach,waterfall / adventure,,,,,,"Lambug, Badian, Southern Cebu — approx. 4-5 hours away from Mactan Airport.","Location: Lambug, Badian, Southern Cebu — approx. 4-5 hours away from Mactan Airport. | What to expect: White sand beach, Beach resorts, near to Kawasan Falls","White sand beach, Beach resorts, near to Kawasan Falls",https://sugbo.ph/2018/lambug-white-beach-badian/,https://sugbo.ph/wp-content/uploads/2018/07/Lambug-Badian-Cebu-5-1024x591.jpg
Sugbo,Esoy Hot Spring in Carmen,attraction,,,,,,"Brgy. Duyan, Catmon, Northern Cebu — approx. 4 hours away from Mactan Airport.","Location: Brgy. Duyan, Catmon, Northern Cebu — approx. 4 hours away from Mactan Airport. | What to expect: Hot spring, river trekking","Hot spring, river trekking",https://sugbo.ph/2018/esoy-hot-spring-in-catmon/,https://sugbo.ph/wp-content/uploads/2018/07/Esoy-Hot-Spring-Catmon-2-1024x768.jpg
Sugbo,Durano Eco Farm and Resort,garden / nature,,,,,,"Brgy. Corte, Carmen, Northern Cebu — approx. 4 hours away from Mactan Airport.","Location: Brgy. Corte, Carmen, Northern Cebu — approx. 4 hours away from Mactan Airport. | What to expect: Nippa hut accommodation, Cold spring","Nippa hut accommodation, Cold spring",https://sugbo.ph/2018/durano-eco-farm-and-spring-resort/,https://sugbo.ph/wp-content/uploads/2018/08/durano-eco-farm-4-1024x768.jpg
Sugbo,Alhibe Farm in Carmen,garden / nature,,,,,,"Sito Baucan, Brgy. Sac-on, Carmen, Northern Cebu (at the back of the Cebu Safari & Adventure Park) — approx. 3-4 hours away from Mactan Airport.","Location: Sito Baucan, Brgy. Sac-on, Carmen, Northern Cebu (at the back of the Cebu Safari & Adventure Park) — approx. 3-4 hours away from Mactan Airport. | What to expect: Spring-fed Pool, Nature walk & farm exploration, Nipa Accommodation","Spring-fed Pool, Nature walk & farm exploration, Nipa Accommodation",https://sugbo.ph/2019/alhibe-farm-cebu/,https://sugbo.ph/wp-content/uploads/2019/04/alhibe-farm-cebu-1-1024x683.jpg
Sugbo,KartZone,attraction,,,,,,"F. Cabahug St. Kasambagan, Cebu City — approx. 2 hours away from Mactan Airport.","Location: F. Cabahug St. Kasambagan, Cebu City — approx. 2 hours away from Mactan Airport. | What to expect: Karting or kart racing",Karting or kart racing,https://sugbo.ph/2018/kartzone-cebu/,https://sugbo.ph/wp-content/uploads/2018/11/Kartzone-Cebu-1.jpg
Sugbo,The Pyramid,food / dining,,,,,,"Central Bloc, IT Park, Lahug, Cebu City — approx. 2 hours away from Mactan Airport.","Location: Central Bloc, IT Park, Lahug, Cebu City — approx. 2 hours away from Mactan Airport. | What to expect: Pyramid restobar; Cuisine: Filipino, American, Italian, Korean","Pyramid restobar; Cuisine: Filipino, American, Italian, Korean",https://sugbo.ph/2017/the-pyramid-cebu/,https://sugbo.ph/wp-content/uploads/2017/04/the-pyramid-cebuitpark-4-1024x683.jpg
Sugbo,Sugbo Mercado,food / dining,,,,,,"Central Bloc, IT Park, Lahug, Cebu City — approx. 2 hours away from Mactan Airport.","Location: Central Bloc, IT Park, Lahug, Cebu City — approx. 2 hours away from Mactan Airport. | What to expect: Food market",Food market,https://sugbo.ph/2019/100-places-to-visit-in-cebu/,https://sugbo.ph/wp-content/uploads/2018/12/sugbo-mercado-cebu-it-park-1024x660.jpg
Sugbo,Naga City Boardwalk,park / attraction,,,,,,"Naga City, Southern Cebu — approx. 3 hours away from Mactan Airport.","Location: Naga City, Southern Cebu — approx. 3 hours away from Mactan Airport. | What to expect: Marine boardwalk, food parks","Marine boardwalk, food parks",https://sugbo.ph/2017/naga-city-boardwalk-cebu/,https://sugbo.ph/wp-content/uploads/2017/12/boardwalk-naga-city4-1024x768.jpg
Sugbo,Papa Kits Marina & Fishing Lagoon,park / attraction,,,,,,"Liloan, Northern Cebu — approx. 2 hours away from Mactan Airport.","Location: Liloan, Northern Cebu — approx. 2 hours away from Mactan Airport. | What to expect: Fishing lagoon, Zip Line, Sky Bike, Wakeboarding, Salt water Pool, Inflatable Park","Fishing lagoon, Zip Line, Sky Bike, Wakeboarding, Salt water Pool, Inflatable Park",https://sugbo.ph/2019/papakits-saltwater-pool-hamster-wheel/,https://sugbo.ph/wp-content/uploads/2017/08/papakits-cebu-hanging-bridge-1.jpg
Sugbo,Sundaze Farm,garden / nature,,,,,,"Carcar City, Southern Cebu — approx. 3.5 hours away from Mactan Airport.","Location: Carcar City, Southern Cebu — approx. 3.5 hours away from Mactan Airport. | What to expect: Flower garden, Glamping, Instagrammable spots","Flower garden, Glamping, Instagrammable spots",https://sugbo.ph/2019/sundaze-farm-cebu/,https://sugbo.ph/wp-content/uploads/2019/04/Sundaze-Farm-Carcar-Cebu-9-1024x768.jpg
Sugbo,Crown Regency Sky Adventure Park,park / attraction,,,,,,"Fuente Osmeña, Cebu City — approx. 2 hours away from Mactan Airport.","Location: Fuente Osmeña, Cebu City — approx. 2 hours away from Mactan Airport. | What to expect: Wall climbing, Sky Walk, Sky Adventure","Wall climbing, Sky Walk, Sky Adventure",https://sugbo.ph/2018/sky-experience-adventure/,https://sugbo.ph/wp-content/uploads/2018/07/paramount-climbing-crown-regency-cebu.jpg
Sugbo,Sky Water Park in JMall,park / attraction,,,,,,"JCentre Mall, Mandaue City, Cebu — approx. 1 hour away from Mactan Airport.","Location: JCentre Mall, Mandaue City, Cebu — approx. 1 hour away from Mactan Airport. | What to expect: Rooftop waterpark, Accommodation","Rooftop waterpark, Accommodation",https://sugbo.ph/2018/best-resorts-in-cebu-city/,https://sugbo.ph/wp-content/uploads/2016/04/skywaterparkcebu6.jpg
Sugbo,Venetian-inspired food court at JMall,food / dining,,,,,,"JCentre Mall, Mandaue City, Cebu — approx. 1 hour away from Mactan Airport.","Location: JCentre Mall, Mandaue City, Cebu — approx. 1 hour away from Mactan Airport. | What to expect: Indoor Venetian-inspired food court",Indoor Venetian-inspired food court,https://sugbo.ph/2018/venetian-jmall-foodpark/,https://sugbo.ph/wp-content/uploads/2018/04/jmall-foodcourt-venetianjcentre-62.jpg
Sugbo,Mactan Newtown,food / dining,,,,,,"Mactan, Northern Cebu — approx. 15-30 minutes away from Mactan Airport.","Location: Mactan, Northern Cebu — approx. 15-30 minutes away from Mactan Airport. | What to expect: Restaurants, Lifestyle Mall, Condos / residences","Restaurants, Lifestyle Mall, Condos / residences",https://sugbo.ph/?s=mactan+newtown,https://sugbo.ph/wp-content/uploads/2019/10/Mactan-newtown3-1024x683.jpg
Sugbo,Hidden Valley Wave Pool in Pinamungajan,attraction,,,,,,"Pinamungajan, Western Cebu — approx. 3 hours away from Mactan Airport.","Location: Pinamungajan, Western Cebu — approx. 3 hours away from Mactan Airport. | What to expect: Biggest wave pool in Cebu, Zip Line, Sky Bike","Biggest wave pool in Cebu, Zip Line, Sky Bike",https://sugbo.ph/2018/hidden-valley-resorts-pinamungajan/,https://sugbo.ph/wp-content/uploads/2018/04/Hidden-Valley-Skybike-Zipline-2.jpg
Sugbo,Campalabo Sandbar,beach / island / marine,,,,,,"Pinamungajan, Western Cebu — approx. 3 hours away from Mactan Airport.","Location: Pinamungajan, Western Cebu — approx. 3 hours away from Mactan Airport. | What to expect: Sandbar",Sandbar,https://sugbo.ph/2018/campalabo-sandbar-pinamungajan/,https://sugbo.ph/wp-content/uploads/2018/04/Campalaboisletcebu1.jpg
Sugbo,24/7 Track Oval at Cebu City Sports Center,attraction,,,,,,"Cebu City Sports Center (Abellana), Cebu City — approx. 1.5 hour away from Mactan Airport.","Location: Cebu City Sports Center (Abellana), Cebu City — approx. 1.5 hour away from Mactan Airport. | What to expect: 24/7 free access of the track oval",24/7 free access of the track oval,https://sugbo.ph/2019/cebu-city-sports-center-24-7/,https://sugbo.ph/wp-content/uploads/2019/02/cebu-city-sports-center-247-trackoval.jpg
Sugbo,24/7 Cebu City Public Library,museum / historical,,,,,,"G/F, Rizal Memorial Library and Museum Bldg, Osmeña Blvd, Cebu City — approx. 1.5 hour away from Mactan Airport.","Location: G/F, Rizal Memorial Library and Museum Bldg, Osmeña Blvd, Cebu City — approx. 1.5 hour away from Mactan Airport. | What to expect: 24/7 free access of the public library, Rizal Museum","24/7 free access of the public library, Rizal Museum",https://sugbo.ph/2018/cebu-city-public-library-247/,https://sugbo.ph/wp-content/uploads/2018/06/Cebu-City-Public-Library-24-hours-4-1024x768.jpg
Sugbo,Upside Down World Museum,museum / historical,,,,,,"2nd floor of City Time Square 2 in Mandaue City, Cebu (across Parkmall) — approx. 1-1.5 hour away from Mactan Airport.","Location: 2nd floor of City Time Square 2 in Mandaue City, Cebu (across Parkmall) — approx. 1-1.5 hour away from Mactan Airport. | What to expect: Ultimate (reversed) illusion",Ultimate (reversed) illusion,https://sugbo.ph/2018/upside-down-world-cebu/,https://sugbo.ph/wp-content/uploads/2018/07/upsidedown-worldcebu-dining.jpg
Sugbo,Happy World Museum,museum / historical,,,,,,"Brgy. Gabi, Cordova, Cebu — approx. 1-1.5 hour away from Mactan Airport.","Location: Brgy. Gabi, Cordova, Cebu — approx. 1-1.5 hour away from Mactan Airport. | What to expect: 3D paintings, over 85 artworks","3D paintings, over 85 artworks",https://sugbo.ph/2018/cebu-happy-world-museum/,https://sugbo.ph/wp-content/uploads/2018/09/Cebu-Happy-World-Museum-Miracle-Art.jpg
Sugbo,Entoy’s Bakasihan in Cordova,food / dining,,,,,,"Barangay Buagsong, Cordova, Northern Cebu — approx. 1-1.5 hour away from Mactan Airport.","Location: Barangay Buagsong, Cordova, Northern Cebu — approx. 1-1.5 hour away from Mactan Airport. | What to expect: Netflix’s featured street food",Netflix’s featured street food,https://sugbo.ph/2019/entoys-bakasihan-cordova/,https://sugbo.ph/wp-content/uploads/2019/09/entoys-bakasihan-cordova-cebu-netflix-1-1024x576.jpg
Sugbo,Crocolandia,attraction,,,,,,"Talisay City, Cebu City — approx. 2 hours away from Mactan Airport.","Location: Talisay City, Cebu City — approx. 2 hours away from Mactan Airport. | What to expect: Crocodiles, Birds, Mini Zoo","Crocodiles, Birds, Mini Zoo",https://sugbo.ph/?s=crocolandia,https://sugbo.ph/wp-content/uploads/2019/10/Crocolandia-Talisay-Cebu-1-1024x768.jpg
Sugbo,Carcar Lechon Market,attraction,,,,,,"Carcar City, Southern Cebu — approx. 3.5 hours away from Mactan Airport.","Location: Carcar City, Southern Cebu — approx. 3.5 hours away from Mactan Airport. | What to expect: Cebu’s best-tasting lechon",Cebu’s best-tasting lechon,https://sugbo.ph/2018/cebu-best-lechon/,https://sugbo.ph/wp-content/uploads/2018/03/carcarlechon.png
Sugbo,Carbon Market,attraction,,,,,,"Carbon Public Market, Cebu City — approx. 2 hours away from Mactan Airport.","Location: Carbon Public Market, Cebu City — approx. 2 hours away from Mactan Airport. | What to expect: Cebu’s cheap but great finds",Cebu’s cheap but great finds,https://sugbo.ph/?s=carbon,https://sugbo.ph/wp-content/uploads/2019/10/Carbon-Public-Market-1024x681.jpg
Sugbo,Taboan Market,attraction,,,,,,"Taboan Public Market, Cebu City — approx. 2 hours away from Mactan Airport.","Location: Taboan Public Market, Cebu City — approx. 2 hours away from Mactan Airport. | What to expect: Cebu’s famous dried fish (buwad)",Cebu’s famous dried fish (buwad),https://sugbo.ph/?s=taboan,https://sugbo.ph/wp-content/uploads/2019/10/Taboan-Market-Cebu-Dried-Fish-1-1024x768.jpg
Sugbo,Bagacay Point Lighthouse in Liloan,attraction,,,,,,"Liloan, Northern Cebu — approx. 2 hours away from Mactan Airport.","Location: Liloan, Northern Cebu — approx. 2 hours away from Mactan Airport. | What to expect: 172-feet active lighthouse tower",172-feet active lighthouse tower,https://sugbo.ph/?s=liloan,https://sugbo.ph/wp-content/uploads/2019/10/Bagacay-Point-Lighthouse-Liloan-Cebu.jpg
Sugbo,Mountain View Nature’s Park,park / attraction,,,,,,"Busay, (uphill) Cebu City — approx. 2 hours away from Mactan Airport.","Location: Busay, (uphill) Cebu City — approx. 2 hours away from Mactan Airport. | What to expect: Late night chill (you may not need to book a stay), Infinity pool, Accommodation","Late night chill (you may not need to book a stay), Infinity pool, Accommodation",https://sugbo.ph/2017/mountain-view-resort-busay/,https://sugbo.ph/wp-content/uploads/2018/02/Mountain-View_1.jpg
